"","pressure","oxygen"
"1",0.539,8.86
"2",0.537,8.86
"3",0.54,8.87
"4",0.539,8.88
"5",0.536,8.87
"6",0.535,8.87
"7",0.535,8.86
"8",0.539,8.85
"9",0.536,8.85
"10",0.536,8.85
"11",0.536,8.85
"12",0.537,8.85
"13",0.544,8.86
"14",0.543,8.87
"15",0.536,8.88
"16",0.526,8.88
"17",0.52,8.87
"18",0.525,8.86
"19",0.537,8.85
"20",0.545,8.85
"21",0.545,8.86
"22",0.534,8.87
"23",0.525,8.88
"24",0.524,8.89
"25",0.529,8.89
"26",0.537,8.9
"27",0.545,8.9
"28",0.545,8.89
"29",0.542,8.88
"30",0.535,8.87
"31",0.533,8.86
"32",0.529,8.86
"33",0.532,8.85
"34",0.535,8.85
"35",0.543,8.86
"36",0.548,8.87
"37",0.546,8.88
"38",0.54,8.89
"39",0.533,8.89
"40",0.53,8.89
"41",0.532,8.88
"42",0.537,8.88
"43",0.542,8.87
"44",0.542,8.87
"45",0.536,8.86
"46",0.532,8.86
"47",0.533,8.85
"48",0.536,8.86
"49",0.541,8.86
"50",0.539,8.85
"51",0.538,8.86
"52",0.535,8.86
"53",0.534,8.86
"54",0.533,8.87
"55",0.537,8.87
"56",0.541,8.87
"57",0.54,8.87
"58",0.537,8.87
"59",0.535,8.88
"60",0.532,8.89
"61",0.535,8.89
"62",0.536,8.89
"63",0.54,8.88
"64",0.537,8.87
"65",0.535,8.86
"66",0.533,8.85
"67",0.533,8.85
"68",0.535,8.85
"69",0.54,8.85
"70",0.543,8.86
"71",0.542,8.86
"72",0.539,8.87
"73",0.539,8.88
"74",0.539,8.88
"75",0.534,8.89
"76",0.533,8.89
"77",0.532,8.88
"78",0.533,8.88
"79",0.536,8.88
"80",0.54,8.89
"81",0.539,8.89
"82",0.536,8.9
"83",0.533,8.9
"84",0.533,8.9
"85",0.535,8.89
"86",0.537,8.88
"87",0.54,8.87
"88",0.54,8.87
"89",0.534,8.87
"90",0.532,8.87
"91",0.534,8.87
"92",0.535,8.86
"93",0.537,8.86
"94",0.534,8.85
"95",0.535,8.85
"96",0.536,8.86
"97",0.536,8.87
"98",0.534,8.88
"99",0.535,8.89
"100",0.537,8.89
"101",0.537,8.89
"102",0.536,8.89
"103",0.536,8.88
"104",0.537,8.87
"105",0.538,8.85
"106",0.538,8.85
"107",0.537,8.86
"108",0.536,8.87
"109",0.535,8.87
"110",0.536,8.88
"111",0.541,8.88
"112",0.541,8.88
"113",0.535,8.87
"114",0.535,8.86
"115",0.534,8.87
"116",0.538,8.88
"117",0.541,8.88
"118",0.535,8.89
"119",0.535,8.9
"120",0.534,8.9
"121",0.537,8.9
"122",0.537,8.9
"123",0.537,8.88
"124",0.535,8.89
"125",0.533,8.88
"126",0.533,8.88
"127",0.536,8.88
"128",0.537,8.87
"129",0.538,8.87
"130",0.536,8.87
"131",0.534,8.86
"132",0.537,8.86
"133",0.537,8.86
"134",0.54,8.85
"135",0.542,8.86
"136",0.54,8.86
"137",0.54,8.86
"138",0.538,8.87
"139",0.538,8.88
"140",0.537,8.87
"141",0.541,8.87
"142",0.541,8.88
"143",0.536,8.88
"144",0.537,8.88
"145",0.538,8.89
"146",0.541,8.89
"147",0.543,8.9
"148",0.542,8.9
"149",0.537,8.89
"150",0.538,8.89
"151",0.536,8.88
"152",0.54,8.87
"153",0.542,8.86
"154",0.543,8.85
"155",0.54,8.85
"156",0.535,8.85
"157",0.536,8.86
"158",0.54,8.86
"159",0.541,8.87
"160",0.539,8.87
"161",0.537,8.87
"162",0.535,8.87
"163",0.534,8.87
"164",0.537,8.88
"165",0.54,8.88
"166",0.542,8.89
"167",0.542,8.9
"168",0.543,8.9
"169",0.538,8.89
"170",0.543,8.88
"171",0.542,8.87
"172",0.54,8.87
"173",0.534,8.88
"174",0.535,8.88
"175",0.535,8.89
"176",0.541,8.9
"177",0.541,8.89
"178",0.542,8.88
"179",0.537,8.85
"180",0.536,8.83
"181",0.537,8.82
"182",0.536,8.82
"183",0.54,8.82
"184",0.538,8.83
"185",0.541,8.84
"186",0.538,8.86
"187",0.54,8.87
"188",0.538,8.87
"189",0.537,8.88
"190",0.538,8.88
"191",0.544,8.88
"192",0.55,8.88
"193",0.55,8.88
"194",0.548,8.88
"195",0.542,8.87
"196",0.536,8.87
"197",0.534,8.86
"198",0.54,8.87
"199",0.546,8.87
"200",0.55,8.87
"201",0.546,8.85
"202",0.543,8.86
"203",0.547,8.86
"204",0.548,8.86
"205",0.549,8.86
"206",0.543,8.86
"207",0.537,8.86
"208",0.536,8.87
"209",0.545,8.88
"210",0.551,8.88
"211",0.553,8.87
"212",0.548,8.86
"213",0.542,8.86
"214",0.54,8.87
"215",0.541,8.87
"216",0.546,8.88
"217",0.548,8.88
"218",0.545,8.89
"219",0.541,8.89
"220",0.543,8.88
"221",0.544,8.87
"222",0.547,8.87
"223",0.547,8.86
"224",0.546,8.87
"225",0.545,8.87
"226",0.546,8.88
"227",0.569,8.89
"228",0.617,8.9
"229",0.674,8.9
"230",0.736,8.9
"231",0.812,8.89
"232",0.882,8.88
"233",0.938,8.88
"234",0.988,8.87
"235",1.042,8.86
"236",1.104,8.86
"237",1.177,8.87
"238",1.226,8.87
"239",1.266,8.87
"240",1.322,8.88
"241",1.37,8.88
"242",1.413,8.88
"243",1.465,8.88
"244",1.514,8.87
"245",1.581,8.87
"246",1.652,8.86
"247",1.719,8.85
"248",1.755,8.84
"249",1.786,8.83
"250",1.847,8.84
"251",1.911,8.83
"252",1.961,8.84
"253",2.004,8.85
"254",2.041,8.86
"255",2.093,8.87
"256",2.164,8.88
"257",2.23,8.89
"258",2.278,8.9
"259",2.332,8.91
"260",2.395,8.91
"261",2.445,8.91
"262",2.498,8.9
"263",2.556,8.9
"264",2.618,8.91
"265",2.679,8.91
"266",2.731,8.91
"267",2.76,8.91
"268",2.785,8.92
"269",2.814,8.93
"270",2.837,8.94
"271",2.859,8.94
"272",2.892,8.95
"273",2.935,8.96
"274",2.975,8.97
"275",3.02,8.97
"276",3.075,8.98
"277",3.129,8.98
"278",3.194,8.98
"279",3.244,8.98
"280",3.277,8.97
"281",3.309,8.97
"282",3.358,8.97
"283",3.409,8.96
"284",3.454,8.96
"285",3.491,8.95
"286",3.537,8.94
"287",3.589,8.94
"288",3.647,8.93
"289",3.711,8.94
"290",3.775,8.93
"291",3.834,8.94
"292",3.872,8.94
"293",3.904,8.96
"294",3.948,8.97
"295",3.987,8.97
"296",4.025,8.97
"297",4.058,8.97
"298",4.082,8.97
"299",4.144,8.97
"300",4.239,8.97
"301",4.33,8.96
"302",4.391,8.95
"303",4.441,8.94
"304",4.497,8.95
"305",4.543,8.94
"306",4.578,8.94
"307",4.632,8.95
"308",4.682,8.96
"309",4.731,8.96
"310",4.79,8.96
"311",4.855,8.96
"312",4.914,8.97
"313",4.964,8.97
"314",5.014,8.98
"315",5.075,8.99
"316",5.125,8.98
"317",5.172,8.99
"318",5.211,8.99
"319",5.247,8.98
"320",5.288,8.98
"321",5.344,8.98
"322",5.402,8.98
"323",5.45,8.98
"324",5.486,8.99
"325",5.522,8.99
"326",5.56,8.99
"327",5.596,8.99
"328",5.639,9
"329",5.694,8.99
"330",5.736,8.99
"331",5.786,9
"332",5.861,9
"333",5.953,9
"334",6.019,9
"335",6.047,9
"336",6.066,9
"337",6.11,9
"338",6.165,9
"339",6.215,9
"340",6.27,9
"341",6.356,9
"342",6.434,9.01
"343",6.475,9.02
"344",6.507,9.02
"345",6.545,9.03
"346",6.6,9.04
"347",6.655,9.05
"348",6.695,9.05
"349",6.739,9.04
"350",6.77,9.05
"351",6.812,9.05
"352",6.873,9.06
"353",6.927,9.07
"354",6.956,9.07
"355",6.975,9.06
"356",7.017,9.05
"357",7.059,9.04
"358",7.08,9.04
"359",7.105,9.04
"360",7.145,9.05
"361",7.182,9.06
"362",7.234,9.08
"363",7.314,9.09
"364",7.391,9.1
"365",7.459,9.11
"366",7.516,9.11
"367",7.555,9.1
"368",7.587,9.09
"369",7.641,9.08
"370",7.676,9.08
"371",7.695,9.07
"372",7.725,9.07
"373",7.776,9.06
"374",7.839,9.05
"375",7.894,9.04
"376",7.94,9.04
"377",7.968,9.04
"378",7.993,9.05
"379",8.026,9.05
"380",8.086,9.05
"381",8.157,9.06
"382",8.219,9.06
"383",8.261,9.07
"384",8.315,9.07
"385",8.398,9.07
"386",8.485,9.07
"387",8.559,9.07
"388",8.625,9.05
"389",8.676,9.04
"390",8.72,9.04
"391",8.766,9.04
"392",8.845,9.04
"393",8.932,9.04
"394",9,9.05
"395",9.047,9.05
"396",9.072,9.05
"397",9.101,9.05
"398",9.148,9.05
"399",9.208,9.05
"400",9.261,9.05
"401",9.313,9.05
"402",9.393,9.05
"403",9.478,9.06
"404",9.55,9.07
"405",9.612,9.06
"406",9.67,9.05
"407",9.724,9.04
"408",9.763,9.04
"409",9.806,9.05
"410",9.865,9.06
"411",9.934,9.07
"412",9.999,9.08
"413",10.056,9.11
"414",10.111,9.12
"415",10.168,9.13
"416",10.213,9.14
"417",10.248,9.15
"418",10.271,9.16
"419",10.316,9.16
"420",10.388,9.17
"421",10.494,9.17
"422",10.596,9.17
"423",10.661,9.17
"424",10.713,9.17
"425",10.774,9.16
"426",10.817,9.16
"427",10.833,9.16
"428",10.857,9.16
"429",10.917,9.16
"430",11.016,9.16
"431",11.116,9.16
"432",11.2,9.17
"433",11.276,9.17
"434",11.343,9.18
"435",11.395,9.18
"436",11.436,9.18
"437",11.464,9.17
"438",11.484,9.16
"439",11.519,9.16
"440",11.577,9.16
"441",11.648,9.15
"442",11.722,9.15
"443",11.789,9.16
"444",11.844,9.17
"445",11.887,9.17
"446",11.922,9.17
"447",11.955,9.17
"448",12.001,9.17
"449",12.066,9.17
"450",12.14,9.17
"451",12.211,9.17
"452",12.303,9.18
"453",12.386,9.19
"454",12.445,9.21
"455",12.478,9.23
"456",12.511,9.24
"457",12.544,9.25
"458",12.579,9.26
"459",12.629,9.26
"460",12.69,9.27
"461",12.748,9.27
"462",12.789,9.26
"463",12.82,9.26
"464",12.851,9.25
"465",12.874,9.25
"466",12.899,9.25
"467",12.969,9.26
"468",13.051,9.26
"469",13.111,9.28
"470",13.159,9.28
"471",13.206,9.29
"472",13.28,9.28
"473",13.373,9.28
"474",13.451,9.28
"475",13.513,9.27
"476",13.566,9.27
"477",13.609,9.26
"478",13.653,9.25
"479",13.699,9.25
"480",13.747,9.25
"481",13.795,9.26
"482",13.832,9.27
"483",13.873,9.29
"484",13.932,9.3
"485",13.988,9.32
"486",14.056,9.34
"487",14.133,9.36
"488",14.194,9.39
"489",14.237,9.4
"490",14.278,9.4
"491",14.325,9.39
"492",14.374,9.4
"493",14.424,9.44
"494",14.466,9.47
"495",14.522,9.53
"496",14.589,9.59
"497",14.658,9.66
"498",14.713,9.72
"499",14.759,9.76
"500",14.799,9.79
"501",14.842,9.83
"502",14.887,9.85
"503",14.928,9.88
"504",14.971,9.9
"505",15.019,9.92
"506",15.066,9.93
"507",15.121,9.93
"508",15.176,9.92
"509",15.234,9.91
"510",15.293,9.9
"511",15.348,9.89
"512",15.389,9.89
"513",15.422,9.88
"514",15.463,9.89
"515",15.508,9.89
"516",15.547,9.89
"517",15.594,9.9
"518",15.642,9.9
"519",15.693,9.91
"520",15.747,9.91
"521",15.804,9.92
"522",15.86,9.92
"523",15.902,9.91
"524",15.926,9.9
"525",15.952,9.88
"526",15.987,9.88
"527",16.022,9.89
"528",16.058,9.91
"529",16.102,9.94
"530",16.143,9.97
"531",16.181,9.99
"532",16.222,10.01
"533",16.279,10.01
"534",16.348,10
"535",16.406,9.98
"536",16.449,9.96
"537",16.474,9.94
"538",16.503,9.93
"539",16.543,9.92
"540",16.587,9.92
"541",16.634,9.94
"542",16.683,9.97
"543",16.732,9.99
"544",16.789,10.01
"545",16.86,10.06
"546",16.931,10.12
"547",16.986,10.2
"548",17.027,10.3
"549",17.057,10.4
"550",17.091,10.5
"551",17.129,10.59
"552",17.169,10.65
"553",17.216,10.69
"554",17.256,10.71
"555",17.284,10.71
"556",17.307,10.71
"557",17.359,10.71
"558",17.422,10.7
"559",17.484,10.71
"560",17.538,10.71
"561",17.581,10.7
"562",17.63,10.69
"563",17.68,10.7
"564",17.721,10.73
"565",17.764,10.73
"566",17.812,10.7
"567",17.863,10.68
"568",17.919,10.71
"569",17.966,10.8
"570",18,10.95
"571",18.024,11.13
"572",18.063,11.33
"573",18.118,11.53
"574",18.164,11.71
"575",18.199,11.84
"576",18.253,11.89
"577",18.317,11.9
"578",18.375,11.9
"579",18.415,11.87
"580",18.447,11.82
"581",18.493,11.77
"582",18.552,11.73
"583",18.607,11.69
"584",18.642,11.67
"585",18.661,11.66
"586",18.682,11.65
"587",18.709,11.65
"588",18.751,11.66
"589",18.79,11.68
"590",18.827,11.71
"591",18.863,11.71
"592",18.899,11.72
"593",18.939,11.71
"594",18.987,11.7
"595",19.043,11.7
"596",19.089,11.7
"597",19.133,11.69
"598",19.183,11.68
"599",19.234,11.68
"600",19.29,11.67
"601",19.341,11.69
"602",19.391,11.7
"603",19.421,11.73
"604",19.457,11.74
"605",19.529,11.75
"606",19.608,11.73
"607",19.665,11.69
"608",19.702,11.62
"609",19.732,11.55
"610",19.765,11.47
"611",19.802,11.42
"612",19.84,11.4
"613",19.874,11.42
"614",19.905,11.47
"615",19.937,11.54
"616",19.977,11.62
"617",20.027,11.69
"618",20.082,11.74
"619",20.12,11.79
"620",20.149,11.82
"621",20.18,11.83
"622",20.222,11.86
"623",20.256,11.87
"624",20.288,11.88
"625",20.324,11.88
"626",20.374,11.89
"627",20.418,11.9
"628",20.449,11.89
"629",20.481,11.88
"630",20.532,11.86
"631",20.602,11.84
"632",20.658,11.82
"633",20.701,11.82
"634",20.74,11.8
"635",20.781,11.78
"636",20.822,11.77
"637",20.865,11.77
"638",20.907,11.76
"639",20.935,11.77
"640",20.962,11.75
"641",20.99,11.75
"642",21.021,11.76
"643",21.06,11.75
"644",21.107,11.74
"645",21.153,11.74
"646",21.196,11.73
"647",21.24,11.73
"648",21.279,11.73
"649",21.309,11.72
"650",21.339,11.72
"651",21.383,11.73
"652",21.432,11.74
"653",21.473,11.74
"654",21.504,11.75
"655",21.533,11.75
"656",21.564,11.74
"657",21.604,11.74
"658",21.655,11.74
"659",21.709,11.75
"660",21.753,11.76
"661",21.79,11.76
"662",21.824,11.75
"663",21.852,11.75
"664",21.877,11.73
"665",21.912,11.72
"666",21.954,11.71
"667",22.001,11.7
"668",22.049,11.69
"669",22.095,11.7
"670",22.133,11.69
"671",22.159,11.68
"672",22.195,11.67
"673",22.244,11.66
"674",22.293,11.66
"675",22.323,11.66
"676",22.345,11.66
"677",22.371,11.66
"678",22.399,11.66
"679",22.423,11.65
"680",22.451,11.65
"681",22.486,11.64
"682",22.526,11.65
"683",22.563,11.64
"684",22.596,11.64
"685",22.626,11.63
"686",22.663,11.63
"687",22.715,11.62
"688",22.778,11.61
"689",22.841,11.61
"690",22.887,11.62
"691",22.917,11.63
"692",22.94,11.63
"693",22.978,11.64
"694",23.026,11.64
"695",23.071,11.64
"696",23.103,11.65
"697",23.138,11.66
"698",23.173,11.65
"699",23.203,11.65
"700",23.223,11.64
"701",23.244,11.64
"702",23.285,11.64
"703",23.34,11.64
"704",23.385,11.64
"705",23.407,11.65
"706",23.418,11.65
"707",23.437,11.65
"708",23.472,11.65
"709",23.508,11.65
"710",23.541,11.65
"711",23.579,11.65
"712",23.621,11.65
"713",23.666,11.66
"714",23.714,11.66
"715",23.756,11.65
"716",23.798,11.65
"717",23.842,11.65
"718",23.894,11.64
"719",23.953,11.64
"720",23.998,11.63
"721",24.032,11.63
"722",24.058,11.63
"723",24.087,11.63
"724",24.123,11.64
"725",24.162,11.64
"726",24.204,11.64
"727",24.242,11.64
"728",24.271,11.64
"729",24.295,11.63
"730",24.326,11.63
"731",24.365,11.63
"732",24.419,11.62
"733",24.475,11.62
"734",24.524,11.62
"735",24.571,11.62
"736",24.609,11.62
"737",24.645,11.61
"738",24.681,11.61
"739",24.713,11.59
"740",24.748,11.59
"741",24.783,11.59
"742",24.813,11.58
"743",24.84,11.59
"744",24.874,11.6
"745",24.92,11.58
"746",24.97,11.57
"747",25.011,11.62
"748",25.041,11.58
"749",25.073,11.58
"750",25.109,11.6
"751",25.154,11.59
"752",25.192,11.61
"753",25.23,11.63
"754",25.273,11.64
"755",25.318,11.59
"756",25.355,11.61
"757",25.387,11.6
"758",25.42,11.6
"759",25.455,11.59
"760",25.501,11.58
"761",25.542,11.59
"762",25.585,11.58
"763",25.626,11.6
"764",25.678,11.58
"765",25.725,11.57
"766",25.763,11.57
"767",25.795,11.57
"768",25.835,11.57
"769",25.878,11.56
"770",25.91,11.56
"771",25.938,11.55
"772",25.969,11.54
"773",26.002,11.53
"774",26.042,11.52
"775",26.095,11.53
"776",26.148,11.52
"777",26.2,11.52
"778",26.253,11.51
"779",26.291,11.51
"780",26.322,11.51
"781",26.352,11.5
"782",26.39,11.49
"783",26.42,11.5
"784",26.449,11.51
"785",26.479,11.51
"786",26.516,11.51
"787",26.572,11.52
"788",26.641,11.52
"789",26.706,11.53
"790",26.753,11.53
"791",26.785,11.53
"792",26.808,11.53
"793",26.838,11.52
"794",26.881,11.51
"795",26.923,11.5
"796",26.956,11.5
"797",26.993,11.5
"798",27.031,11.49
"799",27.078,11.48
"800",27.132,11.48
"801",27.187,11.48
"802",27.223,11.48
"803",27.257,11.47
"804",27.296,11.47
"805",27.346,11.47
"806",27.39,11.47
"807",27.429,11.47
"808",27.453,11.46
"809",27.478,11.44
"810",27.513,11.44
"811",27.564,11.44
"812",27.62,11.44
"813",27.675,11.44
"814",27.723,11.45
"815",27.762,11.45
"816",27.802,11.47
"817",27.842,11.48
"818",27.887,11.47
"819",27.93,11.46
"820",27.965,11.46
"821",27.993,11.45
"822",28.021,11.44
"823",28.051,11.43
"824",28.084,11.42
"825",28.129,11.43
"826",28.187,11.43
"827",28.245,11.43
"828",28.301,11.44
"829",28.35,11.45
"830",28.381,11.44
"831",28.408,11.44
"832",28.442,11.43
"833",28.48,11.43
"834",28.508,11.43
"835",28.531,11.41
"836",28.556,11.41
"837",28.585,11.41
"838",28.626,11.41
"839",28.68,11.41
"840",28.729,11.42
"841",28.768,11.42
"842",28.801,11.43
"843",28.83,11.43
"844",28.86,11.42
"845",28.89,11.41
"846",28.924,11.4
"847",28.955,11.38
"848",28.987,11.37
"849",29.024,11.37
"850",29.077,11.37
"851",29.141,11.37
"852",29.216,11.37
"853",29.281,11.37
"854",29.32,11.36
"855",29.344,11.36
"856",29.379,11.35
"857",29.426,11.34
"858",29.466,11.34
"859",29.504,11.34
"860",29.54,11.35
"861",29.592,11.34
"862",29.649,11.34
"863",29.705,11.34
"864",29.763,11.34
"865",29.817,11.33
"866",29.866,11.33
"867",29.908,11.34
"868",29.95,11.33
"869",29.981,11.35
"870",30.009,11.35
"871",30.038,11.36
"872",30.079,11.36
"873",30.109,11.36
"874",30.128,11.36
"875",30.155,11.36
"876",30.206,11.37
"877",30.285,11.37
"878",30.36,11.36
"879",30.419,11.37
"880",30.455,11.37
"881",30.475,11.37
"882",30.496,11.37
"883",30.539,11.35
"884",30.602,11.36
"885",30.65,11.36
"886",30.675,11.36
"887",30.693,11.36
"888",30.733,11.36
"889",30.809,11.36
"890",30.9,11.35
"891",30.976,11.36
"892",31.024,11.35
"893",31.051,11.35
"894",31.074,11.34
"895",31.11,11.34
"896",31.157,11.34
"897",31.196,11.34
"898",31.221,11.33
"899",31.247,11.32
"900",31.282,11.32
"901",31.325,11.32
"902",31.365,11.32
"903",31.399,11.31
"904",31.443,11.32
"905",31.503,11.32
"906",31.559,11.31
"907",31.603,11.31
"908",31.621,11.31
"909",31.644,11.32
"910",31.687,11.32
"911",31.744,11.32
"912",31.784,11.33
"913",31.808,11.33
"914",31.836,11.33
"915",31.874,11.32
"916",31.915,11.33
"917",31.954,11.32
"918",31.999,11.31
"919",32.048,11.31
"920",32.099,11.3
"921",32.15,11.3
"922",32.199,11.3
"923",32.245,11.31
"924",32.279,11.31
"925",32.318,11.31
"926",32.362,11.32
"927",32.405,11.32
"928",32.43,11.33
"929",32.454,11.33
"930",32.486,11.32
"931",32.548,11.31
"932",32.62,11.31
"933",32.68,11.31
"934",32.729,11.31
"935",32.762,11.31
"936",32.791,11.31
"937",32.832,11.31
"938",32.873,11.32
"939",32.909,11.32
"940",32.938,11.32
"941",32.98,11.32
"942",33.037,11.32
"943",33.115,11.32
"944",33.192,11.32
"945",33.26,11.32
"946",33.316,11.32
"947",33.364,11.31
"948",33.402,11.3
"949",33.433,11.28
"950",33.46,11.27
"951",33.49,11.27
"952",33.527,11.26
"953",33.56,11.26
"954",33.601,11.27
"955",33.657,11.28
"956",33.718,11.29
"957",33.786,11.29
"958",33.838,11.3
"959",33.878,11.3
"960",33.902,11.31
"961",33.927,11.3
"962",33.973,11.29
"963",34.025,11.28
"964",34.067,11.28
"965",34.094,11.28
"966",34.114,11.27
"967",34.133,11.27
"968",34.17,11.29
"969",34.221,11.3
"970",34.286,11.3
"971",34.351,11.3
"972",34.41,11.29
"973",34.446,11.29
"974",34.463,11.28
"975",34.482,11.27
"976",34.517,11.26
"977",34.559,11.26
"978",34.6,11.27
"979",34.636,11.27
"980",34.673,11.28
"981",34.709,11.28
"982",34.75,11.27
"983",34.798,11.27
"984",34.858,11.27
"985",34.923,11.26
"986",34.966,11.25
"987",34.982,11.24
"988",34.985,11.23
"989",35.004,11.24
"990",35.057,11.24
"991",35.11,11.26
"992",35.154,11.27
"993",35.185,11.28
"994",35.209,11.28
"995",35.242,11.28
"996",35.288,11.27
"997",35.349,11.26
"998",35.415,11.25
"999",35.477,11.25
"1000",35.516,11.25
"1001",35.542,11.25
"1002",35.565,11.25
"1003",35.593,11.25
"1004",35.612,11.25
"1005",35.63,11.23
"1006",35.659,11.21
"1007",35.708,11.2
"1008",35.769,11.19
"1009",35.817,11.18
"1010",35.86,11.17
"1011",35.895,11.17
"1012",35.924,11.18
"1013",35.947,11.2
"1014",35.973,11.22
"1015",35.996,11.23
"1016",36.023,11.24
"1017",36.052,11.25
"1018",36.088,11.25
"1019",36.132,11.25
"1020",36.176,11.26
"1021",36.216,11.24
"1022",36.253,11.24
"1023",36.29,11.24
"1024",36.327,11.23
"1025",36.36,11.22
"1026",36.397,11.23
"1027",36.448,11.23
"1028",36.509,11.23
"1029",36.579,11.23
"1030",36.642,11.23
"1031",36.684,11.23
"1032",36.716,11.22
"1033",36.752,11.21
"1034",36.79,11.2
"1035",36.822,11.21
"1036",36.849,11.2
"1037",36.88,11.2
"1038",36.91,11.2
"1039",36.944,11.21
"1040",37,11.21
"1041",37.07,11.21
"1042",37.148,11.22
"1043",37.21,11.22
"1044",37.25,11.21
"1045",37.272,11.2
"1046",37.294,11.2
"1047",37.331,11.19
"1048",37.369,11.19
"1049",37.411,11.19
"1050",37.45,11.19
"1051",37.494,11.2
"1052",37.54,11.2
"1053",37.591,11.2
"1054",37.64,11.19
"1055",37.687,11.2
"1056",37.731,11.2
"1057",37.777,11.19
"1058",37.816,11.19
"1059",37.849,11.18
"1060",37.883,11.17
"1061",37.92,11.17
"1062",37.954,11.16
"1063",37.976,11.16
"1064",38.003,11.17
"1065",38.037,11.18
"1066",38.081,11.18
"1067",38.127,11.19
"1068",38.178,11.19
"1069",38.224,11.18
"1070",38.263,11.18
"1071",38.282,11.18
"1072",38.299,11.17
"1073",38.328,11.17
"1074",38.375,11.17
"1075",38.427,11.17
"1076",38.472,11.18
"1077",38.511,11.18
"1078",38.55,11.18
"1079",38.583,11.19
"1080",38.613,11.19
"1081",38.644,11.19
"1082",38.672,11.19
"1083",38.703,11.19
"1084",38.736,11.19
"1085",38.774,11.2
"1086",38.812,11.2
"1087",38.85,11.2
"1088",38.886,11.2
"1089",38.92,11.21
"1090",38.953,11.2
"1091",38.986,11.2
"1092",39.018,11.2
"1093",39.046,11.19
"1094",39.075,11.19
"1095",39.108,11.18
"1096",39.146,11.18
"1097",39.201,11.17
"1098",39.258,11.17
"1099",39.317,11.16
"1100",39.35,11.15
"1101",39.372,11.15
"1102",39.399,11.14
"1103",39.464,11.14
"1104",39.543,11.15
"1105",39.608,11.14
"1106",39.641,11.16
"1107",39.652,11.16
"1108",39.663,11.17
"1109",39.687,11.17
"1110",39.722,11.18
"1111",39.768,11.18
"1112",39.819,11.19
"1113",39.881,11.19
"1114",39.941,11.19
"1115",39.988,11.19
"1116",40.012,11.18
"1117",40.031,11.18
"1118",40.069,11.18
"1119",40.124,11.17
"1120",40.178,11.17
"1121",40.22,11.18
"1122",40.253,11.17
"1123",40.302,11.18
"1124",40.365,11.17
"1125",40.429,11.18
"1126",40.488,11.17
"1127",40.54,11.18
"1128",40.575,11.18
"1129",40.596,11.17
"1130",40.61,11.17
"1131",40.635,11.17
"1132",40.674,11.17
"1133",40.72,11.17
"1134",40.763,11.17
"1135",40.798,11.17
"1136",40.824,11.17
"1137",40.853,11.17
"1138",40.907,11.16
"1139",40.976,11.16
"1140",41.054,11.16
"1141",41.122,11.16
"1142",41.168,11.16
"1143",41.193,11.16
"1144",41.207,11.16
"1145",41.228,11.16
"1146",41.258,11.15
"1147",41.309,11.15
"1148",41.352,11.15
"1149",41.386,11.15
"1150",41.425,11.15
"1151",41.481,11.15
"1152",41.551,11.15
"1153",41.623,11.15
"1154",41.687,11.15
"1155",41.743,11.14
"1156",41.785,11.14
"1157",41.817,11.15
"1158",41.855,11.14
"1159",41.882,11.15
"1160",41.897,11.15
"1161",41.894,11.15
"1162",41.887,11.16
"1163",41.884,11.16
"1164",41.89,11.15
"1165",41.924,11.16
"1166",41.993,11.16
"1167",42.071,11.16
"1168",42.138,11.16
"1169",42.194,11.16
"1170",42.254,11.16
"1171",42.32,11.16
"1172",42.378,11.16
"1173",42.417,11.15
"1174",42.447,11.15
"1175",42.473,11.14
"1176",42.501,11.14
"1177",42.541,11.14
"1178",42.597,11.15
"1179",42.67,11.15
"1180",42.745,11.14
"1181",42.814,11.14
"1182",42.863,11.14
"1183",42.897,11.14
"1184",42.934,11.13
"1185",42.981,11.13
"1186",43.036,11.12
"1187",43.086,11.12
"1188",43.116,11.12
"1189",43.142,11.13
"1190",43.187,11.13
"1191",43.267,11.13
"1192",43.366,11.12
"1193",43.456,11.12
"1194",43.525,11.13
"1195",43.573,11.12
"1196",43.604,11.12
"1197",43.634,11.12
"1198",43.665,11.12
"1199",43.694,11.13
"1200",43.716,11.13
"1201",43.744,11.13
"1202",43.799,11.13
"1203",43.885,11.14
"1204",43.987,11.14
"1205",44.071,11.14
"1206",44.12,11.14
"1207",44.142,11.13
"1208",44.157,11.13
"1209",44.189,11.12
"1210",44.241,11.12
"1211",44.29,11.12
"1212",44.314,11.13
"1213",44.315,11.12
"1214",44.328,11.12
"1215",44.363,11.13
"1216",44.423,11.13
"1217",44.495,11.13
"1218",44.576,11.13
"1219",44.643,11.13
"1220",44.689,11.12
"1221",44.708,11.13
"1222",44.728,11.12
"1223",44.766,11.12
"1224",44.82,11.12
"1225",44.874,11.11
"1226",44.926,11.11
"1227",44.969,11.11
"1228",45.012,11.12
"1229",45.054,11.12
"1230",45.099,11.11
"1231",45.14,11.12
"1232",45.175,11.13
"1233",45.2,11.11
"1234",45.225,11.12
"1235",45.266,11.12
"1236",45.312,11.11
"1237",45.36,11.13
"1238",45.402,11.13
"1239",45.437,11.13
"1240",45.472,11.1
"1241",45.511,11.13
"1242",45.547,11.13
"1243",45.57,11.14
"1244",45.59,11.1
"1245",45.631,11.14
"1246",45.693,11.13
"1247",45.754,11.12
"1248",45.81,11.16
"1249",45.854,11.11
"1250",45.893,11.1
"1251",45.923,11.1
"1252",45.959,11.11
"1253",46.005,11.05
"1254",46.051,11.06
"1255",46.091,11.08
"1256",46.122,11.05
"1257",46.152,11.1
"1258",46.197,11.09
"1259",46.256,11.08
"1260",46.324,11.08
"1261",46.381,11.09
"1262",46.414,11.07
"1263",46.425,11.07
"1264",46.43,11.07
"1265",46.44,11.06
"1266",46.475,11.08
"1267",46.534,11.09
"1268",46.595,11.09
"1269",46.64,11.09
"1270",46.667,11.1
"1271",46.693,11.11
"1272",46.733,11.11
"1273",46.797,11.11
"1274",46.878,11.1
"1275",46.953,11.1
"1276",47.008,11.1
"1277",47.04,11.11
"1278",47.063,11.1
"1279",47.095,11.09
"1280",47.138,11.1
"1281",47.184,11.1
"1282",47.223,11.09
"1283",47.259,11.09
"1284",47.299,11.08
"1285",47.347,11.08
"1286",47.4,11.08
"1287",47.458,11.08
"1288",47.505,11.07
"1289",47.55,11.06
"1290",47.586,11.07
"1291",47.617,11.07
"1292",47.651,11.07
"1293",47.684,11.07
"1294",47.724,11.07
"1295",47.765,11.07
"1296",47.808,11.06
"1297",47.855,11.06
"1298",47.904,11.06
"1299",47.962,11.06
"1300",48.016,11.06
"1301",48.059,11.06
"1302",48.088,11.07
"1303",48.111,11.08
"1304",48.147,11.08
"1305",48.2,11.08
"1306",48.248,11.09
"1307",48.282,11.08
"1308",48.306,11.08
"1309",48.336,11.07
"1310",48.383,11.07
"1311",48.436,11.06
"1312",48.492,11.06
"1313",48.541,11.06
"1314",48.585,11.07
"1315",48.628,11.07
"1316",48.669,11.07
"1317",48.693,11.07
"1318",48.715,11.07
"1319",48.742,11.07
"1320",48.784,11.07
"1321",48.824,11.07
"1322",48.867,11.08
"1323",48.903,11.07
"1324",48.949,11.08
"1325",49.001,11.07
"1326",49.061,11.07
"1327",49.111,11.07
"1328",49.152,11.06
"1329",49.182,11.07
"1330",49.209,11.07
"1331",49.232,11.07
"1332",49.258,11.06
"1333",49.293,11.06
"1334",49.335,11.06
"1335",49.38,11.06
"1336",49.427,11.06
"1337",49.48,11.06
"1338",49.528,11.07
"1339",49.568,11.07
"1340",49.599,11.07
"1341",49.624,11.07
"1342",49.643,11.07
"1343",49.672,11.07
"1344",49.701,11.07
"1345",49.729,11.07
"1346",49.759,11.08
"1347",49.801,11.07
"1348",49.855,11.07
"1349",49.909,11.06
"1350",49.962,11.06
"1351",50.028,11.05
"1352",50.11,11.04
"1353",50.184,11.04
"1354",50.241,11.05
"1355",50.266,11.05
"1356",50.279,11.04
"1357",50.303,11.05
"1358",50.355,11.05
"1359",50.429,11.06
"1360",50.501,11.06
"1361",50.552,11.07
"1362",50.584,11.08
"1363",50.615,11.08
"1364",50.653,11.08
"1365",50.71,11.08
"1366",50.775,11.08
"1367",50.839,11.07
"1368",50.896,11.07
"1369",50.936,11.06
"1370",50.963,11.06
"1371",50.996,11.07
"1372",51.038,11.06
"1373",51.083,11.06
"1374",51.125,11.05
"1375",51.161,11.06
"1376",51.206,11.06
"1377",51.255,11.06
"1378",51.302,11.06
"1379",51.349,11.07
"1380",51.387,11.07
"1381",51.418,11.07
"1382",51.451,11.07
"1383",51.489,11.06
"1384",51.533,11.06
"1385",51.583,11.06
"1386",51.634,11.07
"1387",51.678,11.06
"1388",51.714,11.06
"1389",51.745,11.06
"1390",51.781,11.06
"1391",51.827,11.05
"1392",51.874,11.05
"1393",51.906,11.06
"1394",51.928,11.06
"1395",51.947,11.07
"1396",51.987,11.07
"1397",52.058,11.07
"1398",52.134,11.07
"1399",52.183,11.06
"1400",52.205,11.06
"1401",52.214,11.04
"1402",52.234,11.04
"1403",52.285,11.04
"1404",52.359,11.04
"1405",52.425,11.04
"1406",52.471,11.04
"1407",52.499,11.05
"1408",52.523,11.05
"1409",52.559,11.06
"1410",52.608,11.06
"1411",52.67,11.06
"1412",52.739,11.06
"1413",52.799,11.05
"1414",52.837,11.05
"1415",52.856,11.05
"1416",52.868,11.05
"1417",52.903,11.04
"1418",52.968,11.04
"1419",53.038,11.05
"1420",53.091,11.05
"1421",53.121,11.06
"1422",53.137,11.05
"1423",53.152,11.05
"1424",53.186,11.05
"1425",53.244,11.05
"1426",53.299,11.05
"1427",53.339,11.06
"1428",53.366,11.06
"1429",53.388,11.06
"1430",53.431,11.06
"1431",53.497,11.06
"1432",53.572,11.05
"1433",53.63,11.06
"1434",53.665,11.06
"1435",53.691,11.06
"1436",53.728,11.07
"1437",53.785,11.06
"1438",53.841,11.06
"1439",53.877,11.06
"1440",53.89,11.06
"1441",53.905,11.04
"1442",53.933,11.03
"1443",53.977,11.04
"1444",54.04,11.03
"1445",54.109,11.04
"1446",54.179,11.04
"1447",54.239,11.04
"1448",54.282,11.04
"1449",54.313,11.04
"1450",54.348,11.05
"1451",54.387,11.05
"1452",54.427,11.04
"1453",54.466,11.04
"1454",54.514,11.03
"1455",54.571,11.04
"1456",54.634,11.04
"1457",54.698,11.04
"1458",54.747,11.04
"1459",54.783,11.06
"1460",54.814,11.06
"1461",54.852,11.05
"1462",54.905,11.05
"1463",54.966,11.04
"1464",55.014,11.05
"1465",55.042,11.05
"1466",55.05,11.05
"1467",55.064,11.04
"1468",55.096,11.05
"1469",55.159,11.06
"1470",55.235,11.06
"1471",55.308,11.06
"1472",55.364,11.06
"1473",55.397,11.05
"1474",55.414,11.06
"1475",55.444,11.06
"1476",55.49,11.05
"1477",55.544,11.05
"1478",55.592,11.06
"1479",55.626,11.06
"1480",55.647,11.05
"1481",55.683,11.05
"1482",55.738,11.04
"1483",55.802,11.04
"1484",55.857,11.04
"1485",55.898,11.03
"1486",55.929,11.03
"1487",55.956,11.03
"1488",55.988,11.03
"1489",56.029,11.04
"1490",56.073,11.04
"1491",56.11,11.05
"1492",56.138,11.05
"1493",56.164,11.05
"1494",56.196,11.06
"1495",56.258,11.05
"1496",56.345,11.05
"1497",56.439,11.05
"1498",56.511,11.04
"1499",56.551,11.04
"1500",56.564,11.04
"1501",56.574,11.03
"1502",56.602,11.03
"1503",56.645,11.03
"1504",56.694,11.03
"1505",56.739,11.03
"1506",56.792,11.03
"1507",56.871,11.04
"1508",56.971,11.04
"1509",57.052,11.04
"1510",57.109,11.04
"1511",57.13,11.04
"1512",57.135,11.04
"1513",57.157,11.03
"1514",57.204,11.02
"1515",57.266,11.02
"1516",57.319,11.02
"1517",57.349,11.02
"1518",57.366,11.02
"1519",57.395,11.03
"1520",57.458,11.03
"1521",57.542,11.04
"1522",57.618,11.04
"1523",57.681,11.04
"1524",57.73,11.04
"1525",57.76,11.04
"1526",57.783,11.03
"1527",57.808,11.03
"1528",57.841,11.03
"1529",57.887,11.03
"1530",57.938,11.03
"1531",57.992,11.03
"1532",58.046,11.02
"1533",58.112,11.01
"1534",58.171,11
"1535",58.211,11.01
"1536",58.234,11.01
"1537",58.253,11.02
"1538",58.276,11.02
"1539",58.315,11.03
"1540",58.373,11.04
"1541",58.434,11.05
"1542",58.478,11.05
"1543",58.5,11.05
"1544",58.51,11.05
"1545",58.551,11.04
"1546",58.625,11.04
"1547",58.712,11.03
"1548",58.788,11.04
"1549",58.835,11.03
"1550",58.861,11.02
"1551",58.871,11.03
"1552",58.884,11.03
"1553",58.917,11.04
"1554",58.971,11.04
"1555",59.025,11.04
"1556",59.067,11.05
"1557",59.091,11.05
"1558",59.1,11.05
"1559",59.123,11.04
"1560",59.163,11.03
"1561",59.223,11.02
"1562",59.279,11.01
"1563",59.329,11
"1564",59.372,11
"1565",59.404,11
"1566",59.424,11
"1567",59.445,11
"1568",59.467,11.02
"1569",59.508,11.03
"1570",59.562,11.04
"1571",59.63,11.04
"1572",59.696,11.04
"1573",59.747,11.03
"1574",59.779,11.03
"1575",59.801,11.02
"1576",59.834,11.01
"1577",59.884,11.01
"1578",59.937,11.02
"1579",59.986,11.02
"1580",60.024,11.03
"1581",60.061,11.03
"1582",60.088,11.02
"1583",60.129,11.03
"1584",60.174,11.03
"1585",60.218,11.04
"1586",60.273,11.04
"1587",60.344,11.04
"1588",60.41,11.05
"1589",60.465,11.05
"1590",60.512,11.05
"1591",60.557,11.05
"1592",60.6,11.05
"1593",60.636,11.04
"1594",60.668,11.04
"1595",60.696,11.05
"1596",60.733,11.04
"1597",60.781,11.04
"1598",60.841,11.04
"1599",60.907,11.04
"1600",60.967,11.04
"1601",61.016,11.05
"1602",61.051,11.04
"1603",61.079,11.04
"1604",61.105,11.04
"1605",61.14,11.03
"1606",61.18,11.03
"1607",61.221,11.02
"1608",61.265,11.02
"1609",61.316,11.03
"1610",61.376,11.03
"1611",61.439,11.03
"1612",61.496,11.03
"1613",61.541,11.03
"1614",61.583,11.03
"1615",61.628,11.02
"1616",61.674,11.02
"1617",61.716,11.01
"1618",61.748,11.01
"1619",61.772,11.01
"1620",61.795,11.02
"1621",61.817,11.02
"1622",61.85,11.03
"1623",61.907,11.04
"1624",61.975,11.04
"1625",62.043,11.05
"1626",62.097,11.04
"1627",62.126,11.04
"1628",62.148,11.04
"1629",62.187,11.04
"1630",62.244,11.04
"1631",62.301,11.04
"1632",62.339,11.05
"1633",62.371,11.05
"1634",62.4,11.06
"1635",62.446,11.06
"1636",62.509,11.05
"1637",62.574,11.05
"1638",62.627,11.04
"1639",62.67,11.04
"1640",62.707,11.02
"1641",62.749,11.02
"1642",62.801,11.01
"1643",62.854,11
"1644",62.885,10.99
"1645",62.896,10.99
"1646",62.9,10.98
"1647",62.909,11
"1648",62.937,11
"1649",62.985,11.01
"1650",63.058,11.03
"1651",63.133,11.04
"1652",63.193,11.05
"1653",63.238,11.05
"1654",63.268,11.06
"1655",63.296,11.06
"1656",63.323,11.06
"1657",63.362,11.05
"1658",63.402,11.04
"1659",63.448,11.05
"1660",63.493,11.04
"1661",63.548,11.05
"1662",63.609,11.03
"1663",63.669,11.04
"1664",63.727,11.04
"1665",63.781,11.04
"1666",63.819,11.04
"1667",63.84,11.04
"1668",63.859,11.04
"1669",63.884,11.04
"1670",63.928,11.04
"1671",63.97,11.03
"1672",64.009,11.02
"1673",64.037,11.03
"1674",64.067,11.02
"1675",64.101,11.02
"1676",64.14,11.02
"1677",64.179,11.02
"1678",64.218,11.01
"1679",64.267,11.02
"1680",64.324,11.02
"1681",64.372,11.02
"1682",64.406,11.03
"1683",64.427,11.02
"1684",64.44,11.03
"1685",64.462,11.03
"1686",64.499,11.02
"1687",64.547,11.02
"1688",64.592,11.02
"1689",64.626,11.02
"1690",64.657,11.02
"1691",64.689,11.02
"1692",64.727,11.02
"1693",64.778,11.03
"1694",64.832,11.04
"1695",64.872,11.04
"1696",64.91,11.04
"1697",64.942,11.04
"1698",64.975,11.04
"1699",65.003,11.04
"1700",65.032,11.03
"1701",65.057,11.03
"1702",65.109,11.03
"1703",65.172,11.03
"1704",65.238,11.04
"1705",65.284,11.04
"1706",65.317,11.04
"1707",65.344,11.04
"1708",65.384,11.03
"1709",65.439,11.03
"1710",65.507,11.03
"1711",65.571,11.02
"1712",65.628,11.02
"1713",65.671,11.02
"1714",65.695,11.02
"1715",65.71,11.03
"1716",65.732,11.03
"1717",65.776,11.02
"1718",65.822,11.01
"1719",65.866,11.01
"1720",65.899,11
"1721",65.928,11
"1722",65.953,10.99
"1723",65.983,11
"1724",66.019,11.01
"1725",66.073,11.02
"1726",66.124,11.03
"1727",66.173,11.04
"1728",66.208,11.05
"1729",66.232,11.05
"1730",66.239,11.06
"1731",66.249,11.05
"1732",66.272,11.05
"1733",66.326,11.04
"1734",66.393,11.04
"1735",66.456,11.03
"1736",66.505,11.04
"1737",66.545,11.05
"1738",66.58,11.05
"1739",66.623,11.05
"1740",66.67,11.04
"1741",66.733,11.04
"1742",66.802,11.03
"1743",66.854,11.03
"1744",66.891,11.02
"1745",66.907,11.02
"1746",66.925,11.02
"1747",66.958,11.03
"1748",67.009,11.03
"1749",67.069,11.03
"1750",67.122,11.03
"1751",67.17,11.03
"1752",67.217,11.03
"1753",67.269,11.03
"1754",67.321,11.03
"1755",67.37,11.02
"1756",67.418,11.03
"1757",67.458,11.02
"1758",67.491,11.02
"1759",67.517,11.02
"1760",67.549,11.03
"1761",67.594,11.03
"1762",67.642,11.03
"1763",67.681,11.03
"1764",67.711,11.03
"1765",67.735,11.04
"1766",67.772,11.03
"1767",67.831,11.03
"1768",67.915,11.04
"1769",67.999,11.04
"1770",68.062,11.03
"1771",68.101,11.04
"1772",68.119,11.03
"1773",68.132,11.04
"1774",68.163,11.04
"1775",68.219,11.04
"1776",68.281,11.04
"1777",68.339,11.02
"1778",68.393,11.01
"1779",68.441,11.01
"1780",68.489,11.01
"1781",68.548,11.01
"1782",68.601,11.03
"1783",68.647,11.04
"1784",68.684,11.05
"1785",68.709,11.06
"1786",68.735,11.05
"1787",68.772,11.05
"1788",68.825,11.04
"1789",68.885,11.04
"1790",68.936,11.04
"1791",68.974,11.03
"1792",69.006,11.02
"1793",69.043,11.04
"1794",69.093,11.03
"1795",69.149,11.03
"1796",69.198,11.03
"1797",69.245,11.03
"1798",69.282,11.03
"1799",69.306,11.03
"1800",69.326,11.03
"1801",69.348,11.02
"1802",69.384,11.02
"1803",69.43,11.02
"1804",69.475,11.03
"1805",69.514,11.03
"1806",69.556,11.03
"1807",69.607,11.04
"1808",69.661,11.04
"1809",69.709,11.03
"1810",69.748,11.03
"1811",69.781,11.04
"1812",69.812,11.03
"1813",69.856,11.04
"1814",69.904,11.04
"1815",69.961,11.05
"1816",70.018,11.05
"1817",70.066,11.04
"1818",70.105,11.04
"1819",70.132,11.04
"1820",70.172,11.04
"1821",70.224,11.03
"1822",70.286,11.04
"1823",70.354,11.04
"1824",70.415,11.06
"1825",70.46,11.06
"1826",70.489,11.05
"1827",70.513,11.05
"1828",70.54,11.03
"1829",70.576,11.03
"1830",70.63,11.02
"1831",70.688,11.02
"1832",70.737,11.01
"1833",70.778,11.01
"1834",70.804,11.01
"1835",70.824,11.03
"1836",70.856,11.03
"1837",70.908,11.02
"1838",70.971,11.03
"1839",71.031,11.04
"1840",71.083,11.04
"1841",71.118,11.03
"1842",71.136,11.03
"1843",71.155,11.02
"1844",71.184,11.02
"1845",71.221,11.02
"1846",71.265,11.01
"1847",71.304,11.01
"1848",71.331,11.01
"1849",71.349,11.02
"1850",71.363,11.02
"1851",71.398,11.01
"1852",71.461,11.02
"1853",71.54,11.02
"1854",71.622,11.03
"1855",71.69,11.04
"1856",71.738,11.04
"1857",71.784,11.04
"1858",71.822,11.04
"1859",71.847,11.04
"1860",71.879,11.03
"1861",71.917,11.03
"1862",71.972,11.02
"1863",72.055,11.02
"1864",72.14,11.02
"1865",72.208,11.03
"1866",72.26,11.04
"1867",72.297,11.04
"1868",72.333,11.05
"1869",72.36,11.05
"1870",72.378,11.05
"1871",72.381,11.04
"1872",72.372,11.04
"1873",72.361,11.03
"1874",72.358,11.03
"1875",72.375,11.04
"1876",72.427,11.04
"1877",72.527,11.05
"1878",72.645,11.06
"1879",72.744,11.06
"1880",72.809,11.05
"1881",72.836,11.04
"1882",72.851,11.04
"1883",72.889,11.04
"1884",72.969,11.03
"1885",73.053,11.03
"1886",73.111,11.02
"1887",73.138,11.03
"1888",73.144,11.02
"1889",73.159,11.01
"1890",73.201,11.01
"1891",73.258,11.01
"1892",73.317,11.02
"1893",73.363,11.02
"1894",73.392,11.03
"1895",73.411,11.03
"1896",73.436,11.04
"1897",73.472,11.04
"1898",73.529,11.04
"1899",73.59,11.04
"1900",73.65,11.03
"1901",73.707,11.03
"1902",73.763,11.03
"1903",73.81,11.01
"1904",73.851,11.01
"1905",73.894,11.01
"1906",73.95,11.01
"1907",74.006,11.02
"1908",74.065,11.03
"1909",74.115,11.02
"1910",74.151,11.02
"1911",74.174,11.02
"1912",74.187,11.02
"1913",74.212,11.02
"1914",74.252,11.02
"1915",74.305,11.02
"1916",74.363,11.03
"1917",74.422,11.04
"1918",74.474,11.03
"1919",74.524,11.04
"1920",74.569,11.03
"1921",74.616,11.02
"1922",74.664,11.04
"1923",74.705,11.03
"1924",74.742,11.03
"1925",74.777,11.03
"1926",74.81,11.04
"1927",74.848,11.03
"1928",74.89,11.03
"1929",74.936,11.03
"1930",74.983,11.02
"1931",75.026,11.02
"1932",75.076,11.02
"1933",75.133,11.02
"1934",75.195,11.02
"1935",75.253,11.02
"1936",75.296,11.02
"1937",75.329,11.03
"1938",75.358,11.04
"1939",75.395,11.02
"1940",75.438,11.02
"1941",75.483,11.03
"1942",75.515,11.04
"1943",75.536,11.04
"1944",75.558,11.04
"1945",75.585,11.05
"1946",75.631,11.05
"1947",75.693,11.06
"1948",75.764,11.05
"1949",75.828,11.05
"1950",75.888,11.04
"1951",75.938,11.05
"1952",75.974,11.05
"1953",75.994,11.05
"1954",76.014,11.05
"1955",76.051,11.05
"1956",76.109,11.05
"1957",76.179,11.04
"1958",76.243,11.04
"1959",76.285,11.03
"1960",76.305,11.04
"1961",76.327,11.03
"1962",76.366,11.03
"1963",76.417,11.03
"1964",76.465,11.03
"1965",76.507,11.02
"1966",76.542,11.02
"1967",76.565,11.03
"1968",76.591,11.03
"1969",76.632,11.04
"1970",76.684,11.04
"1971",76.739,11.04
"1972",76.788,11.04
"1973",76.832,11.06
"1974",76.871,11.05
"1975",76.903,11.06
"1976",76.938,11.05
"1977",76.982,11.05
"1978",77.042,11.05
"1979",77.101,11.04
"1980",77.152,11.02
"1981",77.19,11.02
"1982",77.215,11.02
"1983",77.234,11.02
"1984",77.257,11.02
"1985",77.289,11.02
"1986",77.341,11.03
"1987",77.394,11.03
"1988",77.442,11.04
"1989",77.474,11.04
"1990",77.501,11.06
"1991",77.529,11.05
"1992",77.567,11.05
"1993",77.611,11.06
"1994",77.656,11.05
"1995",77.701,11.05
"1996",77.741,11.05
"1997",77.773,11.03
"1998",77.8,11.03
"1999",77.83,11.04
"2000",77.87,11.04
"2001",77.913,11.04
"2002",77.957,11.05
"2003",77.992,11.05
"2004",78.019,11.05
"2005",78.05,11.05
"2006",78.098,11.05
"2007",78.167,11.04
"2008",78.243,11.04
"2009",78.314,11.03
"2010",78.37,11.03
"2011",78.4,11.02
"2012",78.416,11.02
"2013",78.434,11.02
"2014",78.463,11.03
"2015",78.51,11.03
"2016",78.554,11.03
"2017",78.575,11.04
"2018",78.592,11.04
"2019",78.616,11.04
"2020",78.658,11.02
"2021",78.732,11.03
"2022",78.817,11.03
"2023",78.896,11.03
"2024",78.945,11.03
"2025",78.989,11.04
"2026",79.029,11.05
"2027",79.08,11.05
"2028",79.126,11.05
"2029",79.171,11.03
"2030",79.218,11.04
"2031",79.271,11.04
"2032",79.321,11.05
"2033",79.37,11.05
"2034",79.422,11.05
"2035",79.478,11.05
"2036",79.539,11.06
"2037",79.596,11.05
"2038",79.643,11.05
"2039",79.678,11.05
"2040",79.714,11.05
"2041",79.759,11.04
"2042",79.817,11.04
"2043",79.878,11.04
"2044",79.928,11.04
"2045",79.979,11.04
"2046",80.032,11.04
"2047",80.087,11.04
"2048",80.131,11.05
"2049",80.179,11.05
"2050",80.233,11.04
"2051",80.289,11.05
"2052",80.349,11.05
"2053",80.4,11.05
"2054",80.444,11.04
"2055",80.485,11.04
"2056",80.528,11.05
"2057",80.585,11.05
"2058",80.653,11.04
"2059",80.714,11.04
"2060",80.764,11.05
"2061",80.811,11.04
"2062",80.871,11.04
"2063",80.946,11.04
"2064",81.02,11.03
"2065",81.08,11.03
"2066",81.119,11.03
"2067",81.138,11.03
"2068",81.153,11.02
"2069",81.179,11.02
"2070",81.227,11.02
"2071",81.298,11.02
"2072",81.383,11.02
"2073",81.465,11.01
"2074",81.534,11.01
"2075",81.573,11.01
"2076",81.587,11.01
"2077",81.596,11.01
"2078",81.613,11.01
"2079",81.65,11.01
"2080",81.703,11.02
"2081",81.766,11.01
"2082",81.834,11.01
"2083",81.894,11.01
"2084",81.933,11.02
"2085",81.96,11.02
"2086",81.988,11.03
"2087",82.024,11.04
"2088",82.074,11.05
"2089",82.117,11.05
"2090",82.16,11.06
"2091",82.193,11.06
"2092",82.223,11.05
"2093",82.255,11.06
"2094",82.288,11.05
"2095",82.325,11.05
"2096",82.367,11.05
"2097",82.413,11.05
"2098",82.459,11.04
"2099",82.507,11.04
"2100",82.554,11.04
"2101",82.59,11.04
"2102",82.615,11.03
"2103",82.639,11.02
"2104",82.678,11.02
"2105",82.731,11.01
"2106",82.789,11.01
"2107",82.844,11.01
"2108",82.883,11.02
"2109",82.916,11.02
"2110",82.951,11.03
"2111",82.999,11.03
"2112",83.067,11.02
"2113",83.135,11.02
"2114",83.186,11.02
"2115",83.219,11
"2116",83.237,11.01
"2117",83.249,11.01
"2118",83.277,11.01
"2119",83.325,11.02
"2120",83.37,11.03
"2121",83.415,11.02
"2122",83.455,11.02
"2123",83.49,11.02
"2124",83.538,11.02
"2125",83.591,11.02
"2126",83.644,11.02
"2127",83.685,11.03
"2128",83.715,11.04
"2129",83.74,11.04
"2130",83.765,11.04
"2131",83.792,11.04
"2132",83.836,11.03
"2133",83.9,11.03
"2134",83.968,11.02
"2135",84.024,11.02
"2136",84.066,11.02
"2137",84.096,11.02
"2138",84.125,11.02
"2139",84.161,11.03
"2140",84.217,11.03
"2141",84.277,11.04
"2142",84.331,11.04
"2143",84.371,11.03
"2144",84.404,11.03
"2145",84.427,11.03
"2146",84.455,11.03
"2147",84.485,11.03
"2148",84.52,11.03
"2149",84.549,11.03
"2150",84.583,11.04
"2151",84.616,11.03
"2152",84.649,11.03
"2153",84.692,11.02
"2154",84.742,11.03
"2155",84.799,11.03
"2156",84.854,11.03
"2157",84.906,11.02
"2158",84.952,11.01
"2159",84.988,11.02
"2160",85.016,11.01
"2161",85.046,11.01
"2162",85.083,11
"2163",85.137,11.01
"2164",85.196,11.01
"2165",85.25,11.02
"2166",85.292,11.03
"2167",85.322,11.03
"2168",85.355,11.04
"2169",85.4,11.03
"2170",85.456,11.03
"2171",85.51,11.02
"2172",85.552,11.02
"2173",85.582,11.02
"2174",85.604,11.02
"2175",85.628,11.02
"2176",85.668,11.02
"2177",85.713,11.03
"2178",85.754,11.04
"2179",85.786,11.04
"2180",85.812,11.04
"2181",85.833,11.03
"2182",85.867,11.03
"2183",85.916,11.03
"2184",85.98,11.03
"2185",86.046,11.03
"2186",86.097,11.04
"2187",86.133,11.03
"2188",86.155,11.03
"2189",86.174,11.03
"2190",86.204,11.03
"2191",86.253,11.02
"2192",86.304,11.02
"2193",86.345,11.01
"2194",86.376,11
"2195",86.404,11
"2196",86.43,10.98
"2197",86.467,10.98
"2198",86.519,10.99
"2199",86.583,11
"2200",86.647,11.01
"2201",86.702,11.02
"2202",86.735,11.04
"2203",86.758,11.04
"2204",86.776,11.06
"2205",86.802,11.05
"2206",86.842,11.05
"2207",86.887,11.05
"2208",86.927,11.06
"2209",86.965,11.05
"2210",86.992,11.05
"2211",87.025,11.05
"2212",87.073,11.04
"2213",87.141,11.04
"2214",87.216,11.02
"2215",87.282,11.03
"2216",87.329,11.02
"2217",87.353,11.03
"2218",87.363,11.03
"2219",87.369,11.04
"2220",87.395,11.04
"2221",87.434,11.05
"2222",87.484,11.04
"2223",87.531,11.05
"2224",87.563,11.04
"2225",87.583,11.04
"2226",87.615,11.04
"2227",87.668,11.03
"2228",87.74,11.04
"2229",87.809,11.04
"2230",87.865,11.03
"2231",87.904,11.04
"2232",87.933,11.04
"2233",87.962,11.05
"2234",88.009,11.04
"2235",88.057,11.04
"2236",88.094,11.04
"2237",88.123,11.04
"2238",88.144,11.03
"2239",88.171,11.03
"2240",88.22,11.03
"2241",88.285,11.03
"2242",88.35,11.04
"2243",88.403,11.03
"2244",88.442,11.03
"2245",88.46,11.04
"2246",88.466,11.04
"2247",88.49,11.03
"2248",88.527,11.03
"2249",88.579,11.03
"2250",88.627,11.03
"2251",88.66,11.03
"2252",88.685,11.02
"2253",88.707,11.02
"2254",88.743,11.02
"2255",88.789,11.02
"2256",88.844,11.02
"2257",88.896,11.03
"2258",88.942,11.03
"2259",88.973,11.03
"2260",88.992,11.04
"2261",89.006,11.04
"2262",89.025,11.05
"2263",89.058,11.06
"2264",89.093,11.05
"2265",89.136,11.05
"2266",89.179,11.04
"2267",89.221,11.04
"2268",89.261,11.03
"2269",89.298,11.02
"2270",89.344,11.02
"2271",89.393,11.02
"2272",89.445,11.03
"2273",89.497,11.03
"2274",89.534,11.04
"2275",89.56,11.05
"2276",89.578,11.05
"2277",89.608,11.06
"2278",89.643,11.05
"2279",89.686,11.05
"2280",89.726,11.04
"2281",89.764,11.03
"2282",89.801,11.03
"2283",89.845,11.02
"2284",89.897,11.02
"2285",89.957,11.01
"2286",90.017,11.01
"2287",90.067,11.01
"2288",90.102,11.01
"2289",90.13,11.02
"2290",90.151,11.02
"2291",90.168,11.02
"2292",90.191,11.03
"2293",90.225,11.03
"2294",90.272,11.03
"2295",90.324,11.03
"2296",90.369,11.03
"2297",90.405,11.03
"2298",90.435,11.02
"2299",90.46,11.03
"2300",90.495,11.03
"2301",90.542,11.03
"2302",90.59,11.02
"2303",90.634,11.02
"2304",90.669,11.02
"2305",90.695,11.01
"2306",90.718,11.01
"2307",90.759,11.01
"2308",90.81,11
"2309",90.868,11.01
"2310",90.908,11.01
"2311",90.939,11.01
"2312",90.965,11.01
"2313",90.995,11.02
"2314",91.036,11.01
"2315",91.085,11.01
"2316",91.137,11.02
"2317",91.186,11.02
"2318",91.224,11.03
"2319",91.246,11.02
"2320",91.264,11.02
"2321",91.291,11.02
"2322",91.327,11.02
"2323",91.37,11.01
"2324",91.411,11
"2325",91.453,11.01
"2326",91.494,11.01
"2327",91.542,11.02
"2328",91.593,11.02
"2329",91.639,11.02
"2330",91.678,11.03
"2331",91.705,11.04
"2332",91.722,11.03
"2333",91.741,11.03
"2334",91.764,11.03
"2335",91.801,11.03
"2336",91.851,11.03
"2337",91.907,11.02
"2338",91.961,11.03
"2339",92.005,11.03
"2340",92.038,11.03
"2341",92.065,11.03
"2342",92.101,11.03
"2343",92.149,11.03
"2344",92.21,11.03
"2345",92.275,11.03
"2346",92.329,11.02
"2347",92.366,11.03
"2348",92.391,11.03
"2349",92.414,11.03
"2350",92.442,11.04
"2351",92.472,11.04
"2352",92.506,11.04
"2353",92.533,11.04
"2354",92.55,11.03
"2355",92.565,11.03
"2356",92.596,11.02
"2357",92.643,11.02
"2358",92.704,11.02
"2359",92.771,11.01
"2360",92.838,11.02
"2361",92.902,11.02
"2362",92.958,11.02
"2363",92.997,11.03
"2364",93.02,11.03
"2365",93.037,11.02
"2366",93.052,11.02
"2367",93.08,11.02
"2368",93.118,11.02
"2369",93.17,11.02
"2370",93.224,11.01
"2371",93.273,11.01
"2372",93.326,11
"2373",93.38,11
"2374",93.433,11
"2375",93.483,11
"2376",93.526,11
"2377",93.563,11
"2378",93.6,11.01
"2379",93.641,11.01
"2380",93.692,11.02
"2381",93.74,11.02
"2382",93.779,11.02
"2383",93.811,11.02
"2384",93.841,11.02
"2385",93.886,11.02
"2386",93.953,11.03
"2387",94.038,11.03
"2388",94.118,11.03
"2389",94.176,11.02
"2390",94.218,11.03
"2391",94.243,11.02
"2392",94.266,11.03
"2393",94.295,11.02
"2394",94.329,11.02
"2395",94.361,11.02
"2396",94.391,11.02
"2397",94.424,11.02
"2398",94.466,11.01
"2399",94.531,11.01
"2400",94.599,11
"2401",94.658,11.01
"2402",94.708,11.01
"2403",94.746,11.01
"2404",94.772,11.01
"2405",94.807,11
"2406",94.844,11.01
"2407",94.888,11.01
"2408",94.923,11.02
"2409",94.956,11.02
"2410",95,11.02
"2411",95.068,11.02
"2412",95.146,11.02
"2413",95.218,11.02
"2414",95.279,11.02
"2415",95.323,11.01
"2416",95.359,11.01
"2417",95.405,11.02
"2418",95.459,11.02
"2419",95.514,11.02
"2420",95.564,11.02
"2421",95.609,11.01
"2422",95.653,11.01
"2423",95.708,11.02
"2424",95.768,11.01
"2425",95.83,11.02
"2426",95.891,11.02
"2427",95.941,11.02
"2428",95.983,11.03
"2429",96.02,11.03
"2430",96.052,11.03
"2431",96.084,11.02
"2432",96.112,11.03
"2433",96.147,11.02
"2434",96.184,11.02
"2435",96.236,11.01
"2436",96.299,11.01
"2437",96.368,11.02
"2438",96.437,11.01
"2439",96.492,11.02
"2440",96.532,11.02
"2441",96.559,11.02
"2442",96.584,11.01
"2443",96.615,11.03
"2444",96.662,11.02
"2445",96.714,11.02
"2446",96.765,11.01
"2447",96.805,11.01
"2448",96.843,11.01
"2449",96.881,11.01
"2450",96.927,11.01
"2451",96.974,11.02
"2452",97.025,11.02
"2453",97.073,11.01
"2454",97.117,11.03
"2455",97.148,11.02
"2456",97.171,11.03
"2457",97.19,11.02
"2458",97.207,11.02
"2459",97.244,11.02
"2460",97.297,11.02
"2461",97.359,11.02
"2462",97.417,11.02
"2463",97.462,11
"2464",97.498,10.99
"2465",97.529,10.99
"2466",97.564,11.01
"2467",97.605,11
"2468",97.655,11
"2469",97.707,11.01
"2470",97.761,11
"2471",97.804,11.02
"2472",97.84,11.01
"2473",97.867,11.01
"2474",97.895,11.01
"2475",97.921,11.02
"2476",97.944,11.02
"2477",97.963,10.99
"2478",97.988,10.99
"2479",98.024,11
"2480",98.077,11.01
"2481",98.133,11.01
"2482",98.185,11.01
"2483",98.235,11.02
"2484",98.28,11.02
"2485",98.323,11.04
"2486",98.362,11.02
"2487",98.395,11.04
"2488",98.429,11.05
"2489",98.469,11.05
"2490",98.509,11.06
"2491",98.544,11.03
"2492",98.569,11.02
"2493",98.592,11
"2494",98.607,10.99
"2495",98.634,10.99
"2496",98.677,10.99
"2497",98.736,11
"2498",98.803,11
"2499",98.863,11.02
"2500",98.915,11
"2501",98.955,10.99
"2502",98.981,10.99
"2503",99.009,10.99
"2504",99.043,10.98
"2505",99.083,11
"2506",99.12,10.99
"2507",99.15,11
"2508",99.174,11.01
"2509",99.194,11
"2510",99.233,11
"2511",99.289,11.01
"2512",99.366,11
"2513",99.447,11.01
"2514",99.525,11
"2515",99.583,11
"2516",99.614,10.99
"2517",99.631,10.99
"2518",99.645,10.99
"2519",99.675,11
"2520",99.726,11.01
"2521",99.778,11
"2522",99.822,11.01
"2523",99.852,11
"2524",99.879,11.01
"2525",99.92,11.02
"2526",99.986,11.01
"2527",100.069,11.02
"2528",100.151,11.02
"2529",100.224,11.02
"2530",100.275,11.02
"2531",100.301,11.02
"2532",100.32,11.03
"2533",100.348,11.01
"2534",100.389,11.01
"2535",100.431,11
"2536",100.479,11.01
"2537",100.534,11.01
"2538",100.599,11.01
"2539",100.667,11.01
"2540",100.724,11.01
"2541",100.766,11.02
"2542",100.787,11.02
"2543",100.791,11.01
"2544",100.8,11.01
"2545",100.832,11.01
"2546",100.893,11.01
"2547",100.96,11.01
"2548",101.016,11.01
"2549",101.054,11.01
"2550",101.084,11.01
"2551",101.112,11
"2552",101.159,11
"2553",101.22,10.99
"2554",101.289,11
"2555",101.351,11
"2556",101.406,11
"2557",101.442,10.99
"2558",101.473,10.99
"2559",101.5,10.99
"2560",101.529,11
"2561",101.564,11
"2562",101.606,11
"2563",101.652,11.01
"2564",101.707,11.01
"2565",101.776,11.01
"2566",101.851,11.02
"2567",101.921,11.01
"2568",101.975,11
"2569",102.015,11
"2570",102.042,11
"2571",102.062,10.99
"2572",102.085,11
"2573",102.131,11
"2574",102.189,11
"2575",102.251,11
"2576",102.313,11
"2577",102.373,10.99
"2578",102.442,11
"2579",102.507,11
"2580",102.564,10.99
"2581",102.605,11
"2582",102.63,10.99
"2583",102.642,10.99
"2584",102.662,10.99
"2585",102.695,11
"2586",102.736,10.99
"2587",102.779,10.99
"2588",102.812,10.99
"2589",102.838,10.99
"2590",102.859,11
"2591",102.891,10.99
"2592",102.951,10.99
"2593",103.03,10.99
"2594",103.114,10.99
"2595",103.186,10.99
"2596",103.234,11
"2597",103.266,10.99
"2598",103.285,11
"2599",103.306,11.01
"2600",103.341,11
"2601",103.387,11.01
"2602",103.436,11.01
"2603",103.486,11
"2604",103.542,11
"2605",103.61,11
"2606",103.685,10.99
"2607",103.753,10.98
"2608",103.804,10.98
"2609",103.839,10.97
"2610",103.866,10.98
"2611",103.898,10.98
"2612",103.941,10.98
"2613",103.995,10.99
"2614",104.046,10.99
"2615",104.086,10.99
"2616",104.122,10.99
"2617",104.155,10.98
"2618",104.198,10.98
"2619",104.255,10.99
"2620",104.319,10.98
"2621",104.384,10.99
"2622",104.435,10.99
"2623",104.469,10.99
"2624",104.484,11
"2625",104.499,11
"2626",104.533,10.99
"2627",104.589,10.98
"2628",104.65,10.99
"2629",104.707,10.98
"2630",104.756,10.98
"2631",104.793,10.97
"2632",104.832,10.98
"2633",104.886,10.99
"2634",104.944,10.99
"2635",104.997,10.99
"2636",105.045,10.99
"2637",105.082,10.99
"2638",105.101,10.98
"2639",105.121,10.97
"2640",105.152,10.96
"2641",105.2,10.96
"2642",105.263,10.97
"2643",105.327,10.97
"2644",105.389,10.97
"2645",105.446,10.98
"2646",105.495,10.98
"2647",105.543,10.98
"2648",105.589,10.98
"2649",105.642,10.98
"2650",105.693,10.97
"2651",105.743,10.98
"2652",105.79,10.98
"2653",105.844,10.98
"2654",105.897,10.98
"2655",105.942,10.99
"2656",105.973,10.98
"2657",106.001,10.98
"2658",106.041,10.98
"2659",106.112,10.98
"2660",106.198,10.98
"2661",106.275,10.98
"2662",106.337,10.98
"2663",106.386,10.98
"2664",106.417,10.99
"2665",106.433,10.98
"2666",106.45,10.98
"2667",106.478,10.99
"2668",106.52,10.99
"2669",106.571,10.99
"2670",106.617,10.99
"2671",106.659,11
"2672",106.702,11
"2673",106.759,11
"2674",106.822,10.99
"2675",106.882,10.98
"2676",106.936,10.98
"2677",106.985,10.98
"2678",107.02,10.97
"2679",107.039,10.96
"2680",107.06,10.96
"2681",107.088,10.97
"2682",107.123,10.97
"2683",107.167,10.97
"2684",107.205,10.97
"2685",107.251,10.97
"2686",107.303,10.98
"2687",107.365,10.98
"2688",107.435,10.99
"2689",107.502,10.99
"2690",107.565,11
"2691",107.617,11
"2692",107.659,11
"2693",107.691,11
"2694",107.728,10.99
"2695",107.775,10.98
"2696",107.823,10.98
"2697",107.862,10.97
"2698",107.892,10.97
"2699",107.924,10.97
"2700",107.956,10.97
"2701",107.993,10.96
"2702",108.043,10.96
"2703",108.098,10.96
"2704",108.155,10.96
"2705",108.207,10.96
"2706",108.266,10.97
"2707",108.326,10.97
"2708",108.379,10.97
"2709",108.428,10.98
"2710",108.471,10.97
"2711",108.517,10.98
"2712",108.562,10.98
"2713",108.607,10.98
"2714",108.657,10.97
"2715",108.704,10.97
"2716",108.753,10.98
"2717",108.802,10.98
"2718",108.848,10.98
"2719",108.891,10.98
"2720",108.929,10.98
"2721",108.956,10.98
"2722",108.978,10.98
"2723",109.009,10.97
"2724",109.06,10.97
"2725",109.114,10.97
"2726",109.158,10.97
"2727",109.192,10.98
"2728",109.22,10.98
"2729",109.257,10.98
"2730",109.313,10.98
"2731",109.386,10.98
"2732",109.46,10.98
"2733",109.524,10.98
"2734",109.57,10.98
"2735",109.611,10.98
"2736",109.649,10.99
"2737",109.694,10.98
"2738",109.734,10.98
"2739",109.766,10.97
"2740",109.796,10.97
"2741",109.822,10.97
"2742",109.86,10.96
"2743",109.91,10.97
"2744",109.974,10.97
"2745",110.031,10.97
"2746",110.087,10.97
"2747",110.14,10.97
"2748",110.188,10.98
"2749",110.225,10.97
"2750",110.262,10.97
"2751",110.303,10.97
"2752",110.34,10.96
"2753",110.372,10.97
"2754",110.408,10.96
"2755",110.446,10.95
"2756",110.494,10.95
"2757",110.55,10.95
"2758",110.612,10.94
"2759",110.668,10.94
"2760",110.716,10.94
"2761",110.75,10.94
"2762",110.781,10.95
"2763",110.81,10.94
"2764",110.834,10.96
"2765",110.859,10.96
"2766",110.894,10.97
"2767",110.932,10.98
"2768",110.976,10.98
"2769",111.01,10.98
"2770",111.044,10.98
"2771",111.077,10.97
"2772",111.119,10.97
"2773",111.169,10.97
"2774",111.222,10.97
"2775",111.273,10.96
"2776",111.311,10.96
"2777",111.348,10.96
